Region,Revenue,Profit,Orders,Profit Margin %
Central,7448470,1821099.45,165,24.449309052731635
East,7551389,1958102.95,168,25.930367909797784
North,6412985,1560654.57,124,24.33585249302782
South,7169538,1746408.99,162,24.358738178108545
West,8887318,2340363.13,181,26.33373904253229
