Category,Revenue,Profit,Profit Margin %
Accessories,11351763,2807016.25,24.727579760077795
Electronics,11645984,2902211.28,24.920275349854506
Fashion,11570002,2908294.18,25.13650542152024
Lifestyle,2901951,809107.38,27.88149696531747
