Segment,Customers,AvgRevenue
At-Risk / Low Value,66,18950.090909090908
High-Value,212,60973.160377358494
Potential,147,37630.319727891154
Premium / Loyal,142,125077.65492957746
